{
  "mood_unhappy": {
    "precision": 0.0,
    "recall": 0.0,
    "f1-score": 0.0,
    "support": 14,
    "confused_with": {
      "goodbye": 14
    }
  },
  "greet": {
    "precision": 0.0,
    "recall": 0.0,
    "f1-score": 0.0,
    "support": 13,
    "confused_with": {
      "goodbye": 13
    }
  },
  "deny": {
    "precision": 0.0,
    "recall": 0.0,
    "f1-score": 0.0,
    "support": 7,
    "confused_with": {
      "goodbye": 7
    }
  },
  "mood_great": {
    "precision": 0.0,
    "recall": 0.0,
    "f1-score": 0.0,
    "support": 14,
    "confused_with": {
      "goodbye": 14
    }
  },
  "affirm": {
    "precision": 0.0,
    "recall": 0.0,
    "f1-score": 0.0,
    "support": 6,
    "confused_with": {
      "goodbye": 6
    }
  },
  "bot_challenge": {
    "precision": 0.0,
    "recall": 0.0,
    "f1-score": 0.0,
    "support": 4,
    "confused_with": {
      "goodbye": 4
    }
  },
  "goodbye": {
    "precision": 0.14705882352941177,
    "recall": 1.0,
    "f1-score": 0.25641025641025644,
    "support": 10,
    "confused_with": {}
  },
  "accuracy": 0.14705882352941177,
  "macro avg": {
    "precision": 0.02100840336134454,
    "recall": 0.14285714285714285,
    "f1-score": 0.03663003663003663,
    "support": 68
  },
  "weighted avg": {
    "precision": 0.021626297577854673,
    "recall": 0.14705882352941177,
    "f1-score": 0.037707390648567124,
    "support": 68
  },
  "micro avg": {
    "precision": 0.14705882352941177,
    "recall": 0.14705882352941177,
    "f1-score": 0.14705882352941177,
    "support": 68
  }
}