{
  "utter_goodbye": {
    "precision": 1.0,
    "recall": 0.5,
    "f1-score": 0.6666666666666666,
    "support": 4
  },
  "mood_unhappy": {
    "precision": 0.0,
    "recall": 0.0,
    "f1-score": 0.0,
    "support": 3
  },
  "utter_cheer_up": {
    "precision": 0.0,
    "recall": 0.0,
    "f1-score": 0.0,
    "support": 3
  },
  "greet": {
    "precision": 0.0,
    "recall": 0.0,
    "f1-score": 0.0,
    "support": 5
  },
  "deny": {
    "precision": 0.0,
    "recall": 0.0,
    "f1-score": 0.0,
    "support": 2
  },
  "mood_great": {
    "precision": 0.0,
    "recall": 0.0,
    "f1-score": 0.0,
    "support": 2
  },
  "affirm": {
    "precision": 0.0,
    "recall": 0.0,
    "f1-score": 0.0,
    "support": 1
  },
  "utter_did_that_help": {
    "precision": 0.0,
    "recall": 0.0,
    "f1-score": 0.0,
    "support": 3
  },
  "utter_iamabot": {
    "precision": 1.0,
    "recall": 1.0,
    "f1-score": 1.0,
    "support": 1
  },
  "bot_challenge": {
    "precision": 0.0,
    "recall": 0.0,
    "f1-score": 0.0,
    "support": 1
  },
  "action_listen": {
    "precision": 0.8421052631578947,
    "recall": 1.0,
    "f1-score": 0.9142857142857143,
    "support": 16
  },
  "goodbye": {
    "precision": 0.125,
    "recall": 1.0,
    "f1-score": 0.2222222222222222,
    "support": 2
  },
  "utter_greet": {
    "precision": 0.38461538461538464,
    "recall": 1.0,
    "f1-score": 0.5555555555555556,
    "support": 5
  },
  "utter_happy": {
    "precision": 0.0,
    "recall": 0.0,
    "f1-score": 0.0,
    "support": 3
  },
  "accuracy": 0.5098039215686274,
  "macro avg": {
    "precision": 0.23940861769809138,
    "recall": 0.32142857142857145,
    "f1-score": 0.23990929705215416,
    "support": 51
  },
  "weighted avg": {
    "precision": 0.4048384536000635,
    "recall": 0.5098039215686274,
    "f1-score": 0.42191098661686893,
    "support": 51
  },
  "micro avg": {
    "precision": 0.5098039215686274,
    "recall": 0.5098039215686274,
    "f1-score": 0.5098039215686274,
    "support": 51
  },
  "conversation_accuracy": {
    "accuracy": 0.14285714285714285,
    "correct": 1,
    "with_warnings": 0,
    "total": 7
  }
}